{"v":[
[27.33333,-0.1045794,40.66667],
[29.33333,-0.1045794,40.16667],
[16.66667,-0.1045794,40.16667],
[16.66667,-0.1045794,26.5],
[30.33333,-0.1045794,40.16667],
[42.66667,-0.1045794,26.5],
[16.66667,-0.1045794,42.66667],
[25.16667,-0.1879129,42.66667],
[32.33334,-0.1045794,40.66667],
[34.5,-0.1879129,42.66667],
[42.66667,-0.1045794,42.66667],
[43,-0.1045794,42.66667],
[43,-0.1045794,26.5],
[24,-0.1045794,45.83334],
[24.33333,-0.1045794,47.83334],
[16.66667,-0.1045794,52],
[27.33333,-0.1045794,51.5],
[25.83333,-0.1879129,50.33334],
[29.16667,-0.1045794,52],
[35.66667,-0.1045794,45.5],
[42.66667,-0.1045794,65.66667],
[30.5,-0.1045794,52],
[16.66667,-0.1045794,65.66667],
[35.33334,-0.1045794,48],
[34.5,-0.1879129,49.66667],
[33.5,-0.1879129,50.66667],
[32.33334,-0.1045794,51.5],
[43,-0.1045794,65.66667]
],"p":[
[0,1,2],
[3,2,1],
[1,4,5,3],
[2,6,7,0],
[8,9,10],
[4,8,10,5],
[10,11,12,5],
[13,7,6],
[14,13,6,15],
[15,16,17],
[17,14,15],
[15,18,16],
[10,9,19],
[20,21,18,22],
[18,15,22],
[10,19,23],
[10,23,24],
[10,24,25,20],
[26,21,20],
[25,26,20],
[20,27,11,10]
]}