{"v":[
[27.33333,-0.1045794,40.66667],
[29.33333,-0.1045794,40.16667],
[16.66667,-0.1045794,40.16667],
[16.66667,-0.1045794,26.5],
[30.33333,-0.1045794,40.16667],
[42.66667,-0.1045794,26.5],
[16.66667,-0.1045794,42.66667],
[25.16667,-0.1879129,42.66667],
[32.33334,-0.1045794,40.66667],
[34.5,-0.1879129,42.66667],
[42.66667,-0.1045794,42.66667],
[43,-0.1045794,42.66667],
[43,-0.1045794,26.5],
[24,-0.1045794,45.83334],
[24.33333,-0.1045794,47.83334],
[16.66667,-0.1045794,52],
[27.33333,-0.1045794,51.5],
[25.83333,-0.1879129,50.33334],
[29.16667,-0.1045794,52],
[35.66667,-0.1045794,45.5],
[26.33333,-0.02124596,77.5],
[23.83333,-0.02124596,80],
[25.66667,-0.02124596,81],
[29.5,-0.02124596,76.16667],
[29,-0.02124596,84.83334],
[31,-0.02124596,84.83334],
[32.83334,-0.02124596,84],
[36.33334,-0.02124596,79.83334],
[38.16667,-0.02124596,77.5],
[33.66667,-0.02124596,77.5],
[34.83334,-0.02124596,80.5],
[34.16667,-0.02124596,81.16667],
[32.83334,-0.02124596,77.33334],
[21.83333,-0.02124596,77.5],
[22.33333,-0.02124596,78.5],
[16.66667,-0.1045794,65.66667],
[18.5,-0.1045794,65.66667],
[26.33333,-0.02124596,83.16667],
[27.33333,-0.02124596,84.16667],
[23.16667,-0.1045794,65.66667],
[36.83334,-0.1045794,65.66667],
[30.5,-0.1045794,52],
[24.66667,-0.02124596,75.83334],
[20.66667,-0.02124596,76],
[22.83333,-0.02124596,72.33334],
[19.66667,-0.02124596,73.66667],
[22.66667,-0.02124596,66.16667],
[19,-0.02124596,66.16667],
[19,-0.02124596,70],
[36,-0.02124596,74.83334],
[38.83334,-0.02124595,76.83334],
[40.33334,-0.02124596,73.5],
[37.16667,-0.02124596,72],
[41,-0.02124596,66.16667],
[41.5,-0.1045794,65.66667],
[37.33334,-0.02124596,66.16667],
[41,-0.02124596,69.33334],
[32.5,-0.02124596,76.83334],
[31.33333,-0.02124596,76.33334],
[34,-0.02124596,82.33334],
[35.33334,-0.1045794,48],
[34.5,-0.1879129,49.66667],
[33.5,-0.1879129,50.66667],
[42.66667,-0.1045794,65.66667],
[32.33334,-0.1045794,51.5],
[43,-0.1045794,65.66667]
],"p":[
[0,1,2],
[3,2,1],
[1,4,5,3],
[2,6,7,0],
[8,9,10],
[4,8,10,5],
[10,11,12,5],
[13,7,6],
[14,13,6,15],
[15,16,17],
[17,14,15],
[15,18,16],
[10,9,19],
[20,21,22,23],
[24,25,26],
[27,28,29,30],
[24,26,31,32,23,22],
[31,30,29,32],
[33,34,21,20],
[15,35,36],
[37,38,24,22],
[39,40,41,18],
[15,36,39,18],
[33,20,42],
[43,33,42,44,45],
[46,39,36,47],
[48,45,44,46,47],
[49,29,28],
[49,28,50,51,52],
[53,54,40,55],
[52,51,56,53,55],
[32,57,58,23],
[26,59,31],
[10,19,60],
[10,60,61],
[10,61,62,54,63],
[64,41,40],
[62,64,40,54],
[63,65,11,10]
]}