{
    "v": [
        [
            32.16667,
            -0.1045794,
            41.16667
        ],
        [
            33.83334,
            -0.1045794,
            42.66667
        ],
        [
            34,
            -0.1045794,
            42.66667
        ],
        [
            42.66667,
            -0.1045794,
            42.66667
        ],
        [
            29.5,
            -0.1045794,
            40.66667
        ],
        [
            42.66667,
            -0.1045794,
            26.5
        ],
        [
            16.66667,
            -0.1045794,
            26.5
        ],
        [
            16.66667,
            -0.1045794,
            40.66667
        ],
        [
            25.83333,
            -0.1045794,
            42.66667
        ],
        [
            26,
            -0.1045794,
            42.66667
        ],
        [
            27.5,
            -0.1045794,
            41.16667
        ],
        [
            16.66667,
            -0.1045794,
            42.66667
        ],
        [
            43,
            -0.1045794,
            42.66667
        ],
        [
            43,
            -0.1045794,
            26.5
        ],
        [
            24.5,
            -0.1045794,
            46
        ],
        [
            16.66667,
            -0.1045794,
            51.5
        ],
        [
            24.83333,
            -0.1045794,
            47.66667
        ],
        [
            27.5,
            -0.1045794,
            51
        ],
        [
            26,
            -0.1879129,
            49.83334
        ],
        [
            29.33333,
            -0.1045794,
            51.5
        ],
        [
            35.16667,
            -0.1045794,
            45.66667
        ],
        [
            34,
            -0.1045794,
            49.5
        ],
        [
            34.83334,
            -0.1045794,
            47.83334
        ],
        [
            32.16667,
            -0.1045794,
            51
        ],
        [
            42.66667,
            -0.1045794,
            65.66667
        ],
        [
            16.66667,
            -0.1045794,
            65.66667
        ],
        [
            43,
            -0.1045794,
            65.66667
        ]
    ],
    "p": [
        [
            3,
            0,
            1,
            2,
            0
        ],
        [
            3,
            0,
            2,
            3,
            0
        ],
        [
            5,
            4,
            0,
            3,
            5,
            6,
            0,
            0,
            0
        ],
        [
            3,
            6,
            7,
            4,
            0
        ],
        [
            3,
            8,
            9,
            10,
            0
        ],
        [
            4,
            7,
            11,
            8,
            10,
            0,
            0
        ],
        [
            3,
            10,
            4,
            7,
            0
        ],
        [
            5,
            4,
            10,
            9,
            1,
            0,
            3,
            3,
            3
        ],
        [
            4,
            3,
            12,
            13,
            5,
            0,
            0
        ],
        [
            3,
            14,
            8,
            11,
            0
        ],
        [
            4,
            14,
            11,
            15,
            16,
            0,
            0
        ],
        [
            3,
            15,
            17,
            18,
            0
        ],
        [
            3,
            18,
            16,
            15,
            0
        ],
        [
            3,
            15,
            19,
            17,
            0
        ],
        [
            5,
            20,
            2,
            1,
            21,
            22,
            3,
            3,
            3
        ],
        [
            3,
            9,
            8,
            14,
            3
        ],
        [
            3,
            18,
            17,
            19,
            3
        ],
        [
            6,
            9,
            14,
            18,
            19,
            21,
            1,
            3,
            3,
            3,
            3
        ],
        [
            3,
            14,
            16,
            18,
            3
        ],
        [
            3,
            19,
            23,
            21,
            3
        ],
        [
            3,
            3,
            2,
            20,
            0
        ],
        [
            3,
            3,
            20,
            22,
            0
        ],
        [
            3,
            3,
            22,
            21,
            0
        ],
        [
            4,
            3,
            21,
            23,
            24,
            0,
            0
        ],
        [
            4,
            19,
            25,
            24,
            23,
            0,
            0
        ],
        [
            3,
            19,
            15,
            25,
            0
        ],
        [
            4,
            24,
            26,
            12,
            3,
            0,
            0
        ]
    ]
}